dataset,method,rms,p95,max,time_sec
VMEC QA,mfs,1.032099e-02,1.894349e-02,2.137061e-02,0.914758
VMEC QA,bim,2.127416e+00,4.873855e+00,1.033831e+01,0.142173
Near-axis,mfs,1.521238e-02,2.720210e-02,4.200213e-02,0.087625
Near-axis,bim,3.445639e+00,7.766795e+00,2.104636e+01,0.054301
Mirror,mfs,0.000000e+00,0.000000e+00,0.000000e+00,0.068118
Mirror,bim,0.000000e+00,0.000000e+00,0.000000e+00,0.004311
Knot,mfs,1.648095e+00,2.252270e+00,2.142547e+01,0.347795
Knot,bim,0.000000e+00,0.000000e+00,0.000000e+00,0.054326
